English,Hungarian
aaron,Áron
abandon,elhagyott
abandoned,elhagyatott
abby,Abby
ability,képesség
able,képes
aboard,fedélzeten
about,ról ről
above,felett
abroad,külföldön
absolute,abszolút
absolutely,teljesen
absurd,abszurd
abuse,visszaélés
academy,akadémia
accent,hangsúly
accept,elfogad
accepted,elfogadott
access,hozzáférés
accident,baleset
accidentally,véletlenül
according,szerint
account,beszámoló
accounts,fiókok
accused,vádlott
ace,ász
achieve,elér
acid,sav
across,át
act,törvény
acted,cselekedett
acting,ható
action,akció
actions,cselekedetek
active,aktív
activities,tevékenységek
activity,tevékenység
actor,színész
actors,színészek
actress,színésznő
acts,cselekedet
actual,tényleges
actually,tulajdonképpen
adam,Ádám
add,hozzáad
added,hozzáadott
addition,kiegészítés
address,cím
admiral,admirális
admire,csodál
admit,beismerni
admitted,felvételt nyer
adopted,fogadott
adorable,imádni való
adrian,Adrianus
adult,felnőtt
adults,felnőttek
advance,előleg
advanced,fejlett
advantage,előny
adventure,kaland
advice,tanács
advise,tanácsol
affair,ügy
affairs,ügyek
affect,hatással van
affected,érintett
afford,enged ki
afraid,félelmetes
africa,Afrika
african,afrikai
after,után
afternoon,délután
afterwards,később
again,újra
against,ellen
age,kor
agency,ügynökség
agent,ügynök
agents,ügynökök
ages,korosztály
aggressive,agresszív
ago,ezelőtt
agree,egyetért
agreed,egyetért
agreement,megegyezés
ahead,előre
ahem,hé
ahh,Ahh
aid,támogatás
aii,aii
aim,cél
ain,ain
air,levegő
aircraft,repülőgép
airport,repülőtér
alan,Alan
alarm,riasztás
albert,Albert
album,album
alcohol,alkohol
alert,éber
alex,Alex
alexander,Sándor
ali,ali
alibi,alibi
alice,Alice
alicia,Alicia
alien,idegen
aliens,idegenek
alike,hasonló
alive,élő
all,minden
allen,allen
alley,sikátor
alliance,szövetség
allison,allison
allow,lehetővé teszi
allowed,megengedett
almost,majdnem
alone,egyedül
along,mentén
alpha,alfa
already,már
alright,rendben
also,is
alternative,alternatív
although,habár
always,mindig
ally,szövetséges
amanda,Amanda
amazing,elképesztő
ambassador,nagykövet
amber,borostyán
ambulance,mentőautó
amen,ámen
america,Amerika
american,Amerikai
americans,amerikaiak
among,között
amongst,között
amount,összeg
amy,Amy
analysis,elemzés
ancestors,ősök
ancient,ősi
and,és
and-,és-
anderson,Anderson
andrea,Andrea
andrew,András
andy,Andy
angel,angyal
angela,Angela
angeles,Angeles
angels,angyalok
anger,harag
angle,szög
angry,mérges
animal,állat
animals,állatok
ann,ann
anna,Anna
anne,Anne
annie,Annie
anniversary,évforduló
announce,bejelent
announcement,közlemény
announcer,bemondó
annoying,bosszantó
anonymous,névtelen
another,egy másik
answer,válasz
answered,válaszolt
answering,válaszadás
answers,válaszadás
anthony,anthony
antonio,Antonio
anxious,aggódó
any,Bármi
anybody,bárki
anymore,többé
anyone,bárki
anything,bármi
anytime,bármikor
anyway,akárhogyan is
anywhere,bárhol
apart,egymástól
apartment,lakás
apologies,bocsánat
apologize,bocsánatot kér
apology,bocsánatkérés
apparently,látszólag
appeal,fellebbezés
appear,megjelenik
appearance,kinézet
appeared,megjelent
appears,Megjelenik
applause,taps
apple,alma
application,Alkalmazás
apply,alkalmaz
appointment,időpont egyeztetés
appreciate,méltányol
approach,megközelítés
approaching,közeledik
appropriate,megfelelő
approve,jóváhagy
april,április
are,vannak
area,terület
areas,terület
aren,aréna
argue,érvel
arguing,vitatkozik
argument,érv
arm,kar
armed,fegyveres
arms,fegyver
army,hadsereg
around,körül
arrange,rendezni
arranged,elrendezett
arrangements,megállapodások
arrest,letartóztatás
arrested,letartóztatott
arrival,érkezés
arrive,megérkezik
arrived,megérkezett
arrives,Megérkezik
arriving,érkező
arrow,nyíl
arse,szamár
art,Művészet
arthur,Arthur
article,cikk
artist,művész
artists,művészek
arts,művészetek
ash,hamu
ashamed,megszégyenülve
ashes,hamu
ashley,Ashley
aside,félre
ask,kérdez
asked,kérdezte
asking,kérve
asks,- kérdezi
asleep,Alva
ass,szamár
assault,támadás
asshole,seggfej
assigned,kijelölt
assignment,feladat
assistance,támogatás
assistant,helyettes
association,Egyesület
assume,feltételezni
assumed,feltételezte
assuming,feltételezve
assure,biztosít
ate,evés
atmosphere,légkör
attached,csatolt
attack,támadás
attacked,megtámadott
attacking,támadó
attacks,támadások
attempt,kísérlet
attend,részt vesz
attention,Figyelem
attitude,hozzáállás
attorney,ügyvéd
attracted,vonzott
attractive,vonzó
audience,közönség
audition,meghallgatás
audrey,Audrey
august,augusztus
aunt,néni
auntie,néni
australia,Ausztrália
authorities,hatóság
authority,hatóság
autopsy,boncolás
available,elérhető
avenue,sugárút
average,átlagos
avoid,elkerül
awake,ébren
award,díj
aware,tudatában van
away,el
awesome,fantasztikus
awful,szörnyű
awfully,szörnyen
awkward,kínos
aye,igen
babe,kisbaba
babies,babák
baby,baba
back,vissza
background,háttér
backup,biztonsági mentés
backwards,visszafelé
bacon,szalonna
bad,rossz
badge,jelvény
badly,rosszul
bag,táska
bags,táskák
bail,óvadék
bailey,bailey
bait,csali
baker,pék
balance,egyensúly
ball,labda
balls,golyó
banana,banán
band,Zenekar
bang,bumm
banging,dörömbölés
bank,bank
banks,bankok
bar,rúd
barbara,Barbara
barely,alig
bargain,alku
barking,ugató
barn,istálló
barney,Barney
baron,báró
barrel,hordó
barry,barry
bars,rúd
base,bázis
baseball,baseball
based,alapú
basement,pince
basic,alapvető
basically,alapvetően
basis,alap
basket,kosár
basketball,kosárlabda
bastard,fattyú
bastards,roham
bat,denevér
bath,fürdőkád
bathroom,fürdőszoba
batman,Denevérember
battery,akkumulátor
battle,csata
bay,öböl
beach,strand
beam,gerenda
beans,bab
bear,medve
beard,szakáll
bears,medvék
beast,vadállat
beat,üt
beaten,legyőzött
beating,verés
beats,verés
beautiful,gyönyörű
beauty,szépség
became,lett
because,mert
becky,becsapott
become,válik
becomes,lesz
becoming,légy
bed,ágy
bedroom,hálószoba
bee,méh
beef,marhahús
been,már
beep,sípol
beeping,sípolás
beeps,sípol
beer,sör
before,előtt
beg,könyörög
began,elkezdett
begging,könyörgés
begin,kezdődik
beginning,kezdet
begins,elkezdődik
begun,megkezdett
behalf,nevében
behave,viselkedik
behavior,viselkedés
behind,mögött
being,lény
beings,lények
belief,hit
believe,hinni
believed,hitt
believes,hisz
believing,hívő
bell,harang
bells,harang
belong,tartozik
belonged,tartozott
belongs,tartozik
beloved,szeretett
below,lent
belt,öv
belly,has
ben,Ben
bench,pad
bend,hajlít
beneath,alatt
benefit,haszon
benny,Benny
berlin,Berlin
beside,mellett
besides,kívül
best,legjobb
bet,tét
beth,buta
betray,elárul
betrayed,elárult
better,jobb
between,között
betty,betty
beyond,túl
bible,Biblia
bid,ajánlattétel
big,nagy
bigger,nagyobb
biggest,legnagyobb
bike,bicikli
bill,számla
billion,"milliárd, ezermillió"
bills,számlák
billy,fütykösbot
bin,kuka
bingo,bingó
bird,madár
birds,madarak
birth,születés
birthday,születésnap
bishop,püspök
bit,bit
bitch,kurva
bitches,kurva
bite,harapás
bits,bitek
bitter,keserű
black,fekete
blackmail,zsarolás
blade,penge
blah,blah
blake,takár
blame,feddés
blank,üres
blanket,takaró
blast,robbanás
bleed,vérzik
bleeding,vérzés
bleep,robbant
bless,áldja
blessed,áldott
blessing,áldás
blew,fújt
blind,vak
block,Blokk
blocks,blokkok
bloke,pasas
blonde,szőke
blood,vér
bloody,véres
blow,fúj
blowing,fúj
blown,kifulladt
blows,fúj
blue,kék
board,tábla
boarding,beszállás
boat,hajó
boats,csónakok
bob,bob
bobby,büdös
bodies,test
body,test
bold,bátor
bomb,bomba
bombs,bombák
bond,kötvény
bone,csont
bones,csontok
bonnie,bonnie
boo,lehurrogás
book,könyv
booked,foglalt
books,könyvek
boom,bumm
boot,csomagtartó
booth,bódé
boots,csizma
booze,nyakal
border,határ
bored,unott
boring,unalmas
born,született
borrow,hitelt kölcsönöz
borrowed,kölcsönzött
boss,főnök
boston,Boston
both,mindkét
bother,zavar
bothered,zavart
bothering,zavaró
bottle,üveg
bottles,palack
bottom,alsó
bought,vett
bound,összekötött
bout,küzdelem
bow,íj
bowl,tál
box,doboz
boxes,dobozok
boy,fiú
boyfriend,fiú barát
boys,fiúk
brad,fejnélküli
brain,agy
brains,agyvelő
brakes,fékez
branch,ág
brand,márka
brandon,Brandon
brave,bátor
bravo,bravo
bread,kenyér
break,szünet
breakfast,reggeli
breaking,törés
breaks,szünet
breast,mell
breasts,mellek
breath,lehelet
breathe,lélegzik
breathing,lélegző
brian,brian
brick,tégla
bride,menyasszony
bridge,híd
brief,rövid
bright,fényes
brilliant,ragyogó
bring,hoz
bringing,hozás
brings,hoz
britain,Britannia
british,angol
bro,tesó
broad,széles
broke,törött
broken,törött
brother,fiú testvér
brother-in-law,Sógor
brothers,testvérek
brought,hozott
brown,barna
bruce,bruce
brush,kefe
buck,bak
bucket,vödör
bucks,dollár
bud,bimbó
buddies,barátok
buddy,haver
budget,költségvetés
bug,bogár
bugs,rovarok
build,épít
building,épület
buildings,épületek
built,épült
bull,bika
bullet,golyó
bullets,golyó
bullshit,hülyeség
bum,ingyenélő
bump,ütődés
bunch,csokor
bunny,nyuszi
burden,teher
bureau,hivatal
burger,hamburger
buried,eltemetett
burn,éget
burned,megégett
burning,égő
burns,éget
burnt,megégett
burst,robbanás
bury,eltemet
bus,busz
bush,bokor
business,üzleti
bust,Mellbőség
busted,elrobbant
busy,elfoglalt
but,de
butt,csikk
butter,vaj
button,gomb
buy,megvesz
buying,vásárlás
buzz,zümmögés
buzzing,zümmögő
bye,Viszlát
bye-bye,Viszlát
cab,taxi
cabin,kabin
cabinet,szekrény
cable,kábel
caesar,Caesar
cage,ketrec
cake,torta
california,Kalifornia
call,hívás
called,hívott
calling,hívás
calls,hívás
calm,nyugodt
cam,bütyök
came,jött
camera,kamera
cameras,kamerák
cameron,Cameron
camp,tábor
campaign,kampány
campus,egyetem
can,tud
canada,Kanada
cancel,megszünteti
cancer,rák
candidate,jelölt
candles,gyertyák
candy,cukorka
cannon,ágyú
cannot,nem tud
cap,sapka
capable,képes
capital,főváros
captain,kapitány
capture,elfog
captured,elfogott
car,autó
card,kártya
cards,kártyás kártyák
care,gondoskodás
cared,gondozott
career,karrier
careful,óvatos
carefully,gondosan
cares,gondoskodik
cargo,szállítmány
carl,carl
carla,Carla
carlos,carlos
carol,ének
caroline,karolin
carpet,szőnyeg
carrie,Carrie
carried,hordozott
carry,visz
carrying,hordozás
cars,autók
carson,Carson
cart,kocsi
carter,kocsis
case,ügy
cases,esetek
casey,casey
cash,készpénz
casino,kaszinó
cast,öntvény
castle,kastély
cat,macska
catch,fogás
catching,fogás
catherine,Catherine
catholic,katolikus
cats,macskák
cattle,marha
caught,elkapott
cause,ok
caused,okozott
causes,okoz
causing,okozó
cave,barlang
celebrate,ünnepel
celebrating,ünneplő
celebration,ünneplés
cell,sejt
cellphone,mobiltelefon
cells,sejtek
cemetery,temető
center,központ
central,központi
centre,központ
cents,cent
centuries,évszázadok
century,század
ceremony,ünnepség
certain,bizonyos
certainly,biztosan
certificate,bizonyítvány
chain,lánc
chair,szék
chairman,elnök
challenge,kihívás
chamber,kamra
champagne,pezsgő
champion,bajnok
chan,chan
chance,véletlen
chances,esély
change,változás
changed,megváltozott
changes,változtatások
changing,változó
channel,csatorna
chanting,éneklés
chaos,káosz
chap,pasas
chapter,fejezet
character,karakter
characters,karakterek
charge,díj
charged,töltött
charges,díj
charity,adomány
charles,Károly
charlie,Charlie
charlotte,Charlotte
charm,báj
charming,bájos
chase,üldözés
chasing,üldözés
chat,csevegés
chatter,csevegés
chattering,csevegés
cheap,olcsó
cheat,csal
cheated,becsapott
cheating,csalás
check,jelölje be
checked,ellenőrzött
checking,ellenőrzés
checks,ellenőrzés
cheer,éljenzés
cheering,éljenzés
cheers,Egészségére
cheese,sajt
chef,séf
chemical,kémiai
cherry,cseresznye
chess,sakk
chest,mellkas
chffffff,chffffff
chicago,Chicago
chick,csaj
chicken,csirke
chicks,csibék
chief,fő
child,gyermek
childhood,gyermekkor
children,gyermekek
chill,hideg
chin,áll
china,Kína
chinese,kínai
chip,Forgács
chips,hasábburgonya
chirping,csiripelés
chloe,chloe
chocolate,csokoládé
choice,választás
choices,választás
choose,választ
chop,szelet
chose,választott
chosen,választott
chris,Chris
christ,Krisztus
christian,keresztény
christina,Krisztina
christine,Christine
christmas,Karácsony
christopher,Christopher
chuck,dugasz
chuckles,kuncog
chuckling,kuncogva
church,templom
cia,CIA
cigarette,cigaretta
cigarettes,cigaretta
cindy,cindy
cinema,mozi
circle,kör
circumstances,körülmények
circus,cirkusz
cities,városok
citizen,polgár
citizens,polgárok
city,város
civil,civil
claim,követelés
claimed,igényelt
claims,igények
claire,Claire
clan,klán
clara,Clara
clark,zúgó
class,osztály
classes,osztályok
classic,klasszikus
claudia,Claudia
clay,agyag
clean,tiszta
cleaned,megtisztított
cleaning,tisztítás
clear,egyértelmű
cleared,tisztított
clearly,tisztán
clears,törlő
clever,okos
click,kattintás
clicking,kattintás
clicks,kattintás
client,ügyfél
clients,ügyfelek
cliff,szikla
climb,mászik
climbing,mászó
clinic,klinika
clock,óra
close,Bezárás
closed,zárva
closely,szorosan
closer,közelebb
closes,bezárul
closest,legközelebbi
closet,fülke
closing,záró
clothes,ruhák
clothing,ruházat
cloud,felhő
clouds,felhők
clown,bohóc
club,klub
clubs,klubok
clue,nyom
coach,távolsági busz
coal,szén
coast,tengerpart
coat,kabát
cocaine,kokain
cock,kakas
code,kód
coffee,kávé
coffin,koporsó
coin,érme
coincidence,véletlen egybeesés
coke,koksz
cold,hideg
cole,kelkáposzta
colin,kolin
collar,gallér
colleague,kolléga
colleagues,kollégák
collect,gyűjt
collection,Gyűjtemény
college,főiskola
colonel,ezredes
color,szín
colors,színek
colour,szín
coma,kóma
combat,harc
combination,kombináció
come,jön
comedy,komédia
comes,jön
comfort,kényelem
comfortable,kényelmes
comic,komikus
comin,elgondolkodva
coming,eljövetel
command,parancs
commander,parancsnok
comment,megjegyzés
commercial,kereskedelmi
commission,jutalék
commissioner,biztos
commit,elkövetni
commitment,elkötelezettség
committed,elkötelezett
committee,bizottság
common,gyakori
communicate,kommunikálni
communication,kommunikáció
communist,kommunista
community,közösség
companies,társaságok
company,vállalat
compare,összehasonlít
compared,ahhoz képest
competition,verseny
complain,panaszkodik
complaining,panaszkodás
complaint,panasz
complete,teljes
completed,befejezett
completely,teljesen
complex,összetett
complicated,bonyolult
computer,számítógép
computers,számítógépek
comrade,elvtárs
comrades,bajtársak
con,beilleszt
concentrate,sűrítmény
concept,koncepció
concern,vonatkozik
concerned,aggasztó
concerns,aggályok
concert,koncert
conclusion,következtetés
condition,feltétel
conditions,körülmények
conduct,magatartás
conference,konferencia
confess,bevallani
confession,gyónás
confidence,bizalom
confident,magabiztos
confirm,megerősít
confirmed,megerősített
conflict,konfliktus
confused,zavaros
congratulations,Gratulálunk
congress,Kongresszus
connect,összekapcsol
connected,csatlakoztatva
connection,kapcsolat
connie,Connie
connor,connor
conscience,lelkiismeret
consequences,következmények
consider,fontolgat
considered,figyelembe vett
considering,figyelembe véve
conspiracy,összeesküvés
constant,állandó
constantly,állandóan
construction,Építkezés
contact,kapcsolatba lépni
content,tartalom
contest,verseny
continue,folytatni
continued,folytatás
continues,folytatja
contract,szerződés
contrary,ellentétes
control,ellenőrzés
controlled,ellenőrzött
conversation,beszélgetés
conversations,beszélgetések
convince,meggyőz
convinced,meggyőződve
cook,szakács
cooked,főtt
cookie,aprósütemény
cookies,sütik
cooking,főzés
cool,menő
cooper,kádár
cooperate,együttműködik
cop,zsaru
copies,másolatok
cops,zsaruk
copy,másolat
core,mag
corn,kukorica
corner,sarok
corporal,tizedes
corporate,társasági
corpse,hulla
correct,helyes
corrected,javított
cos,kötözősaláta
cost,költség
costs,költségek
costume,kosztüm
cotton,pamut
couch,kanapé
coughing,köhögés
coughs,köhögés
could,tudott
couldn,nem tudott
council,tanács
counsel,jogi képviselő
counselor,tanácsadó
count,számol
counter,számláló
counting,számolás
countries,országok
country,ország
counts,számít
county,megye
couple,párosít
courage,bátorság
course,tanfolyam
court,bíróság
cousin,unokatestvér
cover,borító
covered,fedett
covering,burkolat
cow,tehén
coward,gyáva
cowboy,cowboy
cows,tehenek
crack,rés
craig,craig
crane,daru
crap,szar
crash,ütközés
crashed,összeomlott
crashing,összeomló
crazy,őrült
cream,krém
create,teremt
created,létrehozott
creating,létrehozás
creation,Teremtés
creative,kreatív
creature,teremtmény
creatures,lények
credit,hitel
creepy,hátborzongató
crew,legénység
cried,sírt
cries,sír
crime,bűn
crimes,bűncselekmények
criminal,Bűnügyi
criminals,bűnözők
crisis,válság
critical,kritikai
cross,kereszt
crossed,keresztezett
crossing,átkelés
crowd,tömeg
crown,korona
cruel,kegyetlen
cruise,hajókázás
crush,összetör
crushed,összetört
cry,kiáltás
crying,síró
crystal,kristály
culture,kultúra
cup,csésze
cure,gyógymód
curious,kíváncsi
current,jelenlegi
currently,jelenleg
curse,átok
cursed,átkozott
curtis,curtis
custody,őrizet
customer,vevő
customers,ügyfelek
cut,vágott
cute,aranyos
cuts,vágások
cutting,vágás
cycle,ciklus
dad,apu
daddy,apu
daily,napi
daisy,Százszorszép
dale,völgy
damage,kár
damaged,sérült
dammit,rohanó
damn,átkozott
damned,Átkozott
dan,Dan
dana,dána
dance,tánc
dancer,táncos
dancing,tánc
danger,veszély
dangerous,veszélyes
daniel,Dániel
danny,danny
dare,merészel
dark,sötét
darkness,sötétség
darling,Drágám
darn,stoppol
data,adat
date,dátum
dated,keltezett
dates,dátumok
dating,randevúzás
daughter,lánya
daughters,lányai
dave,Dave
david,Dávid
davis,Davis
dawn,hajnal
day,nap
days,napok
dead,halott
deadly,halálos
deaf,süket
deal,üzlet
dealer,kereskedő
dealing,foglalkozás
deals,ügylet
dean,dékán
dear,kedves
death,halál
deaths,halálozások
debate,vita
debbie,Debbie
debt,adósság
december,december
decent,megfelelő
decide,döntsd el
decided,határozott
decision,döntés
decisions,döntések
deck,fedélzet
dedicated,dedikált
deep,mély
deeper,mélyebb
deeply,mélyen
defeat,vereség
defeated,legyőzött
defence,védelem
defend,védekez
defendant,alperes
defense,védelem
definitely,egyértelműen
degree,fokozat
degrees,fokok
del,del
delay,késleltetés
delicate,törékeny
delicious,finom
delighted,örömteli
deliver,szállít
delivered,kiszállított
delivery,kézbesítés
demand,igény
demands,igények
demon,démon
demons,démonok
denied,megtagadta
dennis,Dennis
deny,tagadni
department,osztály
depends,attól függ
deposit,letét
depressed,nyomott
deputy,helyettes
derek,Derek
describe,leír
described,leírt
description,leírás
desert,sivatag
deserve,megérdemel
deserved,megérdemelt
deserves,megérdemel
design,tervezés
designed,tervezett
designer,tervező
desire,vágy
desk,asztal
desperate,kétségbeesett
despite,annak ellenére
dessert,desszert
destiny,sors
destroy,elpusztítani
destroyed,elpusztult
destroying,elpusztító
destruction,megsemmisítés
detail,Részlet
details,részletek
detective,nyomozó
detectives,nyomozók
determine,meghatároz
determined,eltökélt
develop,fejleszt
developed,fejlett
development,fejlesztés
device,eszköz
devil,ördög
dial,tárcsa
diamond,gyémánt
diamonds,gyémántok
diana,Diana
diane,diane
diary,napló
dick,fasz
did,tett
didn,nem tett
die,meghal
died,meghalt
diego,Diegó
dies,elhuny
diet,diéta
difference,különbség
different,különböző
differently,eltérően
difficult,nehéz
dig,ásás
digging,ásás
dignity,méltóság
dings,dings
dining,étkezés
dinner,vacsora
direct,közvetlen
directed,irányított
direction,irány
directly,közvetlenül
director,rendező
dirt,piszok
dirty,piszkos
disappear,eltűnik
disappeared,eltűnt
disappointed,csalódott
disaster,katasztrófa
discover,felfedez
discovered,felfedezett
discovery,felfedezés
discuss,megvitat
discussed,megvitatott
discussion,vita
disease,betegség
disgusting,undorító
dish,tál
dishes,edények
dismissed,elutasított
display,kijelző
distance,távolság
distant,távoli
district,kerület
disturb,zavar
disturbing,zavaró
dive,merül
divine,isteni
division,osztály
divorce,válás
divorced,elvált
dna,DNS
doc,dokumentum
doctor,orvos
doctors,orvosok
document,dokumentum
documents,dokumentumok
does,csinál
doesn,nem
dog,kutya
dogs,kutyák
doin,csinál
doing,cselekedet
doll,baba
dollar,dollár
dollars,dollár
don,Don
donald,Donald
done,Kész
donna,donna
dont,nem
door,ajtó
doorbell,csengő csengő
doors,ajtók
dope,kábítószer
dorothy,Dorothy
double,kettős
doubt,kétség
doug,Doug
dough,tészta
down,le-
downstairs,a földszinten
downtown,belváros
dozen,tucat
dr.,dr.
drag,húzás
dragged,húzott
dragon,sárkány
drama,dráma
dramatic,drámai
drank,ivott
draw,húz
drawer,rajzoló
drawing,rajz
drawn,húzott
dream,álom
dreamed,álmodott
dreaming,álmodozó
dreams,álmok
dress,ruha
dressed,öltözött
dressing,öltözködés
drew,rajzolt
drill,fúró
drink,ital
drinking,ivás
drinks,ital
drive,hajtás
driven,hajtott
driver,sofőr
drives,hajtások
driving,vezetés
drop,csepp
dropped,csökkent
dropping,csepegés
drops,csepp
drove,"hajtott, vezetett"
drown,megfullad
drowned,megfulladt
drug,drog
drugs,gyógyszerek
drum,dob
drunk,részeg
dry,száraz
duck,kacsa
dude,haver
due,esedékes
dug,ásta
duke,herceg
dull,unalmas
dumb,néma
dump,lerak
dumped,eldobott
duncan,duncan
dunno,nemtom
during,alatt
dust,por
dutch,holland
duties,feladat
duty,kötelesség
dying,haldoklik
dylan,dylan
e-mail,email
each,minden egyes
eagle,sas
ear,fül
earl,gróf
earlier,korábban
early,korai
earn,pénzt keres
earned,megkeresett
ears,fülek
earth,föld
ease,könnyed
easier,könnyebb
easily,könnyen
east,keleti
eastern,keleti
easy,könnyen
eat,eszik
eaten,evett
eating,enni
eats,eszik
economy,gazdaság
eddie,Eddie
edge,él
editor,szerkesztő
education,oktatás
edward,Edward
effect,hatás
effective,hatékony
effects,hatások
effort,erőfeszítés
efforts,erőfeszítések
egg,tojás
eggs,tojás
egypt,Egyiptom
eight,nyolc
either,bármelyik
elder,idősebb
election,választás
electric,elektromos
electricity,elektromosság
electronic,elektronikus
elements,elemek
elena,Elena
elephant,elefánt
elevator,lift
eleven,tizenegy
eli,eli
elizabeth,Erzsébet
ellen,Ellen
ellie,Ellie
elliot,Elliot
else,más
elsewhere,máshol
embarrassed,zavart
embarrassing,kínos
embassy,nagykövetség
embrace,ölelés
emergency,vészhelyzet
emily,Emily
emma,emma
emotion,érzelem
emotional,érzelmi
emotions,érzelmek
emperor,császár
empire,Birodalom
employee,munkavállaló
employees,alkalmazottak
empty,üres
end,vége
ended,vége lett
ending,befejező
ends,véget ér
enemies,ellenségek
enemy,ellenség
energy,energia
engaged,elkötelezett
engagement,elkötelezettség
engine,motor
engineer,mérnök
engines,motorok
england,Anglia
english,angol
enjoy,Élvezd
enjoyed,élvezett
enjoying,élvezve
enormous,hatalmas
enough,elég
enter,belép
entered,belépett
entering,belépő
entertainment,szórakozás
entire,teljes
entirely,teljesen
entrance,bejárat
entry,belépés
envelope,boríték
environment,környezet
envy,irigység
episode,epizód
equal,egyenlő
equipment,felszerelés
era,korszak
eric,Eric
erm,ERM
error,hiba
escape,menekülni
escaped,elmenekült
escort,kíséret
especially,különösen
estate,birtok
eternal,örök
ethan,Ethan
europe,Európa
european,európai
eva,EVA
evan,Evan
eve,előeste
even,még
evening,este
event,esemény
events,események
eventually,végül is
ever,valaha
every,minden
everybody,mindenki
everyday,minden nap
everyone,mindenki
everything,minden
everywhere,mindenhol
evidence,bizonyíték
evil,gonosz
exact,pontos
exactly,pontosan
exam,vizsga
example,példa
excellency,kiválóság
excellent,kiváló
except,kivéve
exchange,csere
excited,izgatott
excitement,izgalom
exciting,izgalmas
excuse,mentség
excuses,kifogások
executed,végrehajtott
executive,végrehajtó
exercise,gyakorlat
exhales,kilégzés
exhausted,kimerült
exist,létezik
existed,létezett
existence,létezés
exists,létezik
exit,kijárat
expect,elvár
expected,várt
expecting,várható
expensive,drága
experience,tapasztalat
experienced,tapasztalt
experiment,kísérlet
expert,szakértő
explain,elmagyaráz
explained,magyarázott
explains,magyarázza
explanation,magyarázat
explode,felrobban
explosion,robbanás
exposed,kitett
express,Expressz
expression,kifejezés
extra,külön-
extraordinary,rendkívüli
extreme,szélső
extremely,rendkívül
eye,szem
eyes,szemek
fabulous,mesés
face,arc
faced,arcú
faces,arcok
facility,létesítmény
facing,szembe néző
fact,tény
factory,gyár
facts,tények
fail,kudarcot vall
failed,nem sikerült
failure,kudarc
faint,elájul
fair,becsületes
fairly,meglehetősen
fairy,tündér
faith,hit
faithful,hűséges
fake,hamisítvány
fall,esik
fallen,elesett
falling,eső
falls,esés
false,hamis
fame,hírnév
familiar,ismerős
families,család
family,család
famous,híres
fan,ventilátor
fancy,díszes
fans,rajongók
fantastic,fantasztikus
fantasy,fantázia
far,messze
farewell,búcsú
farm,Farm
farmer,Gazda
fascinating,elbűvölő
fashion,divat
fast,gyors
faster,gyorsabban
fat,zsír
fate,sors
father,apa
fathers,apák
fault,hiba
favor,kedvelő
favorite,kedvenc
favour,kedvelő
favourite,kedvenc
fbi,FBI
fear,félelem
fears,félelem
feast,ünnep
fed,táplált
federal,szövetségi
fee,díj
feed,takarmányozás
feeding,táplálás
feel,érez
feeling,érzés
feelings,érzések
feels,érzi
feet,láb
felix,felix
fell,leesett
fella,fickó
fellas,fickó
fellow,fickó
felt,filc
female,női
fence,kerítés
festival,fesztivál
fetch,letöltés
fever,láz
few,kevés
field,terület
fields,mezők
fifteen,tizenöt
fifth,ötödik
fifty,ötven
fight,harc
fighter,harcos
fighting,harc
fights,harc
figure,ábra
figured,mintás
figures,figurák
file,irat
filed,benyújtott
files,irat
fill,tölt
filled,megtöltött
filling,töltő
film,film
filming,film forgatás
films,filmek
filthy,mocskos
final,végső
finally,végül
financial,pénzügyi
find,megtalálja
finding,lelet
finds,leletek
fine,bírság
finest,legjobb
finger,ujj
fingerprints,ujjlenyomatok
fingers,ujjak
finish,Befejez
finished,befejezett
fire,Tűz
fired,kirúgott
fires,tüzelés
firing,égetés
firm,cég
first,első
fish,hal
fishing,halászat
fist,ököl
fit,elfér
fits,illik
five,öt
fix,javítás
fixed,rögzített
flag,zászló
flame,láng
flames,Lángok
flash,vaku
flat,lakás
fleet,flotta
flesh,hús
flew,elrepült
flies,repül
flight,repülési
flip,flip
floating,úszó
floor,padló
florida,Florida
flow,folyam
flower,virág
flowers,virágok
fly,légy
flying,repülő
focus,fókusz
focused,összpontosított
folk,népi
folks,emberek
follow,kövesse
followed,követte
following,következő
fond,kedvel
food,étel
fool,bolond
fooled,becsapott
fooling,bolondság
foolish,bolond
fools,bolondok
foot,láb
footage,felvétel
football,futball
footsteps,lépcső
for,-ra
forbid,tilt
forbidden,tiltott
force,Kényszerítés
forced,kényszerű
forces,erők
ford,fordít
foreign,külföldi
forest,erdő
forever,örökké
forget,elfelejt
forgetting,elfelejtés
forgive,megbocsát
forgiveness,megbocsátás
forgot,elfelejtett
forgotten,elfelejtett
form,forma
formed,alakított
former,korábbi
forms,formák
fort,erőd
forth,tovább
fortune,szerencse
forward,előre
foster,elősegíti
fought,harcolt
foul,rossz
found,megtalált
foundation,Alapítvány
four,négy
fourth,negyedik
fox,róka
frame,keret
france,Franciaország
francis,Francis
francisco,Francisco
francs,frank
frank,őszinte
frankie,Frankie
franklin,franklin
frankly,őszintén szólva
fraud,csalás
freak,szörnyszülött
freaking,rettenetes
fred,fredes
freddy,ferde
free,ingyenes
freedom,szabadság
freeze,fagy
freezing,fagyasztó
french,Francia
fresh,friss
friday,péntek
fridge,hűtő
fried,sült
friend,barát
friendly,barátságos
friends,barátok
friendship,barátság
frightened,rémült
frog,béka
from,tól től
front,elülső
frozen,fagyott
fruit,gyümölcs
fuck,baszd
fucked,baszott
fucker,bukó
fuckin,kibaszott
fucking,kibaszott
fuel,üzemanyag
full,teljes
fully,teljesen
fun,szórakozás
function,funkció
fund,alap
funeral,temetés
funny,vicces
furniture,bútor
further,további
fuss,fontoskodás
future,jövő
gabriel,Gabriel
gain,nyereség
galaxy,galaxis
gallery,Képtár
gambling,szerencsejáték
game,"játszma, meccs"
games,játékok
gang,banda
garage,garázs
garbage,szemét
garden,kert
gary,Gary
gas,gáz
gasping,zümmögés
gasps,zihál
gate,kapu
gates,kapuk
gather,összegyűjt
gathered,összegyűjtött
gave,adott
gay,meleg
gear,felszerelés
gee,Jé
geez,geez
gene,gén
general,Tábornok
generation,generáció
generous,nagylelkű
genius,zseni
gentle,kedves
gentleman,úriember
gentlemen,Urak
gently,gyengéden
george,György
german,német
germans,németek
germany,Németország
get,kap
gets,kap
gettin,gettin
getting,szerzés
ghost,szellem
ghosts,szellemek
giant,óriás
gibbs,gibbs
gift,ajándék
gifts,ajándékok
gig,koncert
giggles,kuncog
giggling,kuncogó
gimme,gimm
gina,gina
ginger,gyömbér
girl,lány
girlfriend,barátnő
girls,lányok
give,adni
given,adott
gives,adás
giving,adás
glad,boldog
glass,üveg
glasses,szemüveg
global,globális
gloria,Gloria
glorious,dicső
glory,dicsőség
gloves,kesztyű
goal,cél
goat,kecske
god,Isten
goddamn,istenverte
goddess,istennő
gods,istenek
goes,elmegy
goin,menj be
going,haladó
gold,Arany
golden,aranysárga
golf,golf
gone,elmúlt
gonna,fog
good,jó
good-bye,viszontlátásra
goodbye,viszontlátásra
goodness,jóság
goodnight,jó éjszakát
goods,áruk
goose,liba
gordon,Gordon
gorgeous,gyönyörű
gosh,mindenit
gossip,pletyka
got,kapott
gotta,Kell
gotten,megszerzett
government,kormány
governor,kormányzó
grab,Megragad
grabbed,megragadott
grace,kegyelem
grade,fokozat
graham,graham
grand,nagy
grandfather,nagyapa
grandma,nagymama
grandmother,nagymama
grandpa,nagypapa
grandson,unoka
grant,támogatás
granted,megadott
granny,nagyi
grass,fű
grateful,hálás
grave,sír
gravity,gravitáció
gray,szürke
great,nagy
greater,nagyobb
greatest,legnagyobb
greek,görög
green,zöld
greetings,üdvözlet
greg,Greg
grew,nőtt
grey,szürke
grief,bánat
grip,markolat
groaning,nyögés
groans,nyögés
groom,vőlegény
gross,bruttó
ground,talaj
grounds,alapok
group,csoport
groups,csoportok
grow,nő
growing,növekvő
growling,morgás
growls,morgás
grown,felnőtt
grows,növekszik
grunting,morgás
grunts,morgás
guarantee,garancia
guard,őr
guardian,gyám
guards,gárdisták
guess,Találd ki
guessing,találgatás
guest,vendég
guests,vendégek
guide,útmutató
guilt,bűnösség
guilty,bűnös
guitar,gitár
gum,gumi
gun,pisztoly
gunfire,ágyúzás
guns,fegyverek
gunshot,puskalövés
gunshots,lövések
gus,gus
gut,belek
guts,belek
guy,fickó
guys,srácok
gym,tornaterem
habit,szokás
had,volt
hadn,héja
hail,jégeső
hair,haj
half,fél
halfway,félúton
hall,előszoba
halloween,halloween
halt,Állj
ham,sonka
hammer,kalapács
han,Han
hand,kéz
handed,átadott
handle,fogantyú
handled,kezelt
handling,kezelése
hands,keze
handsome,jóképű
hang,lóg
hanging,függő
hank,gombolyag
hannah,Hannah
happen,történik
happened,történt
happening,esemény
happens,történik
happier,boldogabb
happily,boldogan
happiness,boldogság
happy,boldog
hard,kemény
harder,nehezebb
hardly,alig
harm,sérelem
harold,harold
harper,harper
harris,harisi
harry,Harry
harsh,durva
harvey,harci
has,van
hasn,héja
hat,kalap
hate,gyűlöl
hated,gyűlölt
hates,utál
hatred,gyűlölet
have,van
haven,menedék
having,ha
head,fej
headache,fejfájás
headed,fejes
heading,cím
headquarters,központ
heads,fej
heal,gyógyít
health,Egészség
healthy,egészséges
hear,hall
heard,hallott
hearing,meghallgatás
heart,szív
hearts,szív
heat,melegít
heather,hanga
heaven,menny
heavens,mennyek
heavily,súlyosan
heavy,nehéz
heck,a fene
hector,Hector
heels,sarok
heh,heh
height,magasság
held,tartott
helen,Helen
helicopter,helikopter
hell,pokol
hello,Helló
helmet,sisak
help,Segítség
helped,segített
helpful,hasznos
helping,segít
helps,segít
henry,Henrik
her,neki
hercules,Herkules
here,itt
hero,hős
heroes,hősök
heroin,heroin
herr,herr
hers,az övé
herself,önmaga
hey,Hé
hid,elrejtette
hidden,rejtett
hide,elrejt
hiding,bujkál
high,magas
higher,magasabb
highest,legmagasabb
highly,magasan
highness,fenség
highway,országút
hill,hegy
hills,dombok
him,neki
himself,saját maga
hip,csípő
hire,bérel
hired,bérelt
his,övé
history,történelem
hit,találat
hitler,Hitler
hits,slágerek
hitting,ütés
hmm,hmm
hold,tart
holding,holding
holds,tart
hole,lyuk
holes,lyukak
holiday,ünnep
holidays,ünnepek
holmes,holmes
holy,szent
holly,magyal
hollywood,Hollywood
home,itthon
homeless,hajléktalan
homer,Homérosz
homes,házak
homework,házi feladat
homicide,emberölés
hon,tisztelőkészülék
honest,becsületes
honestly,őszintén
honey,édesem
honeymoon,nászút
hong,Hong
honking,csiszoló
honor,becsület
honored,megbecsült
honour,becsület
hood,kapucni
hook,horog
hooked,Függő
hop,komló
hope,remény
hoped,remélt
hopefully,remélhetőleg
hopeless,reménytelen
hopes,remények
hoping,remélve
horn,kürt
horrible,szörnyű
horror,borzalom
horse,ló
horses,lovak
hospital,kórház
host,házigazda
hostage,túsz
hot,forró
hotel,szálloda
hour,óra
hours,órák
house,ház
houses,házak
how,hogyan
howard,húgyos
however,azonban
hug,Ölelés
huge,hatalmas
huh,Hát
human,emberi
humanity,emberiség
humans,emberek
humble,alázatos
humming,zümmögő
humor,humor
hundred,száz
hundreds,százai
hung,lógott
hunger,éhség
hungry,éhes
hunt,vadászat
hunter,vadász
hunting,vadászat
hurry,siet
hurt,sért
hurting,fájás
hurts,fáj
husband,férj
hut,kunyhó
i-i,I-I
i.d.,I.D.
ian,ian
ice,jég
idea,ötlet
ideal,ideál
ideas,ötletek
identified,azonosított
identify,azonosítani
identity,identitás
idiot,idióta
idiots,idióták
ignore,figyelmen kívül hagyni
iike,iike
ill,beteg
illegal,illegális
illness,betegség
image,kép
images,képek
imagination,képzelet
imagine,Képzeld el
imagined,elképzelt
immediate,azonnali
immediately,azonnal
immunity,immunitás
impact,hatás
imperial,császári
importance,fontosság
important,fontos
impossible,lehetetlen
impress,lenyűgöz
impressed,lenyűgözött
impression,benyomás
impressive,hatásos
improve,javít
inch,hüvelyk
inches,hüvelyk
incident,incidens
include,tartalmaz
including,beleértve
increase,növekedés
incredible,hihetetlen
incredibly,hihetetlenül
indeed,valóban
independent,független
india,India
indian,indián
indians,indiánok
indistinct,homályos
indistinctly,határozatlanul
individual,Egyedi
industry,ipar
infected,fertőzött
infection,fertőzés
influence,befolyás
inform,tájékoztat
information,információ
informed,tájékozott
injured,sérült
injuries,sérülések
injury,sérülés
inn,fogadó
inner,belső
innocent,ártatlan
insane,őrült
inside,belül
insist,ragaszkodik valamihez
insisted,ragaszkodott
inspector,ellenőr
inspired,ihletett
instance,példa
instant,azonnali
instead,helyette
instructions,utasítás
instrumental,hangszeres
insult,sértés
insurance,biztosítás
intelligence,intelligencia
intelligent,intelligens
intend,szándékozik
intended,szándékolt
intense,erős
intention,szándék
interest,érdeklődés
interested,érdekelt
interesting,érdekes
interests,érdeklődés
interfere,beavatkozik
internal,belső
international,nemzetközi
internet,Internet
interrupt,megszakít
interview,interjú
into,-ba
introduce,bemutatni
introduced,bemutatott
invented,feltalált
investigate,kivizsgál
investigating,nyomozó
investigation,vizsgálat
investment,beruházás
invisible,láthatatlan
invitation,meghívás
invite,meghív
invited,meghívott
involved,magában foglal
iraq,Irak
irish,ír
iron,Vas
island,sziget
islands,szigetek
isn,ISN
israel,Izrael
issue,probléma
issues,problémák
italian,olasz
italy,Olaszország
item,tétel
items,tárgyak
its,az
itself,maga
ivan,Iván
jack,Jack
jacket,dzseki
jackie,jackie
jackson,jackson
jacob,Jákób
jail,börtön
jake,Jake
jam,lekvár
james,James
jamie,Jamie
jane,Jane
janet,Janet
january,január
japan,Japán
japanese,japán
jason,Jason
jay,jay
jazz,dzsessz
jealous,irigy
jean,farmer
jeez,Jézusom
jeff,Jeff
jen,jen
jenna,Jenna
jennifer,Jennifer
jenny,Jenny
jeremy,Jeremy
jerk,bunkó
jerry,jerry
jersey,Jersey
jess,jess
jesse,jesse
jessica,Jessica
jesus,Jézus
jet,vadászgép
jew,zsidó
jewelry,ékszerek
jewish,zsidó
jews,zsidók
jill,jill
jim,Jim
jimmy,Jimmy
jin,jin
joan,Joan
job,munka
jobs,munkakör
joe,Joe
joey,Joey
john,János
johnson,Johnson
johnny,Johnny
join,csatlakozik
joined,csatlakozott
joining,csatlakozás
joint,közös
joke,tréfa
jokes,viccek
joking,viccelődés
jon,Jon
jonathan,jonathan
jones,Jones
jordan,Jordánia
joseph,József
josh,megtréfál
journalist,újságíró
journey,utazás
joy,öröm
juan,Juan
judge,bíró
judges,bírók
judgment,ítélet
judy,Judy
juice,gyümölcslé
jules,jules
julia,Julia
julian,julianus
julie,julie
july,július
jump,ugrás
jumped,ugrott
jumping,ugrás
june,június
jungle,dzsungel
junior,fiatal
junk,szemét
jury,zsűri
just,éppen
just-,éppen-
justice,igazságszolgáltatás
justin,justin
kang,kang
karen,karen
karl,karl
kate,Kate
katie,Katie
keen,lelkes
keep,tart
keeping,tartás
keeps,megtart
keith,Keith
kelly,koszos
ken,ken
kent,Kent
kenny,kenny
kept,tartotta
kevin,Kevin
key,kulcs
keys,kulcsok
khan,kán
kick,rúgás
kicked,rúgott
kicking,rúgás
kid,kölyök
kidding,viccelődés
kidnapped,elrabolt
kidnapping,emberrablás
kids,gyerekek
kill,megöl
killed,megölt
killer,gyilkos
killers,gyilkos
killing,gyilkolás
kills,megöl
kim,Kim
kind,kedves
kinda,kissé
kindly,kedvesen
kindness,kedvesség
kinds,fajta
king,király
kingdom,királyság
kings,királyok
kiss,csók
kissed,megcsókolt
kisses,Puszi
kissing,csókolózás
kit,készlet
kitchen,konyha
kitty,cica
knee,térd
knees,térd
knew,tudta
knife,kés
knight,lovag
knock,kopogás
knocked,kopogtatott
knocking,kopogás
know,tud
knowing,tudó
knowledge,tudás
known,ismert
knows,tud
kong,Kong
korea,Korea
korean,koreai
kurt,kurta
kyle,Kyle
l.a.,L.A.
lab,labor
labor,munkaerő
lack,hiányzik
lad,legény
ladder,létra
ladies,hölgyek
lads,hölgyek
lady,hölgy
laid,terített
lake,tó
lamb,Bárány
lame,béna
lamp,lámpa
lance,lándzsa
land,föld
landed,leszállt
landing,leszállás
lands,föld
lane,sáv
language,nyelv
lap,ölelés
large,nagy
larger,nagyobb
largest,legnagyobb
larry,Larry
last,utolsó
late,késő
lately,utóbbi időben
later,a későbbiekben
latest,legújabb
latin,latin
laugh,nevetés
laughed,nevetett
laughing,nevetés
laughs,nevet
laughter,nevetés
launch,dob
laundry,mosoda
laura,Laura
lauren,Lauren
law,törvény
lawrence,Lawrence
laws,törvény
lawyer,jogász
lawyers,ügyvédek
lay,világi
laying,lefektetés
lazy,lusta
lead,vezet
leader,vezető
leaders,vezetők
leading,vezető
leads,vezet
league,liga
leak,szivárog
lean,sovány
learn,tanul
learned,tanult
learning,tanulás
least,legkevésbé
leather,Bőr
leave,elhagy
leaves,levelek
leaving,kilépő
lecture,előadás
led,vezette
lee,lee
left,bal
leg,láb
legal,jogi
legend,legenda
legs,lábak
lemon,citrom
lend,kölcsönöz
leo,Oroszlán
leon,Leon
leonard,Leonard
leslie,Leslie
less,Kevésbé
lesson,lecke
lessons,órák
let,enged
lets,engedt
letter,levél
letters,betűk
letting,engedés
level,szint
levels,szint
lewis,Lewis
liam,liam
liar,hazug
liberty,szabadság
library,könyvtár
license,engedély
lie,fekszik
lied,hazugság
lies,hazugság
lieutenant,hadnagy
life,élet
lifetime,élettartam
lift,emel
light,fény
lighter,öngyújtó
lightning,villám
lights,Lámpák
like,mint
liked,tetszett
likely,valószínűleg
likes,kedveli
lily,liliom
limit,határ
limited,korlátozott
limits,korlátok
lincoln,Lincoln
linda,Linda
line,vonal
lines,vonal
link,link
lion,oroszlán
lip,ajak
lips,ajkak
liquid,folyékony
liquor,folyadék
lisa,Lisa
list,lista
listen,hallgat
listened,hallgatott
listening,hallgatás
lit,megvilágított
literally,szó szerint
little,kis
live,élő
lived,élt
liver,máj
lives,élet
living,élő
liz,liz
lloyd,Lloyd
load,Betöltés
loaded,töltött
loan,hitel
local,helyi
located,elhelyezkedő
location,elhelyezkedés
lock,zár
locked,zárt
locker,öltözőszekrény
log,fatörzs
logan,Logan
lois,lois
london,London
lonely,magányos
long,hosszú
longer,hosszabb
look,néz
looked,nézett
lookin,benéz
looking,kinézetű
looks,kinézet
loose,laza
lord,lord
los,los
lose,elveszít
loser,vesztes
loses,vesztes
losing,vesztes
loss,veszteség
lost,elveszett
lot,sok
lots,sok
lou,lukt
loud,hangos
louder,hangosabb
louis,Louis
louise,Louise
lousy,tetves
love,szerelem
loved,szeretett
lovely,bájos
lover,szerető
lovers,szerelmesek
loves,szeret
loving,szerető
low,alacsony
lower,Alsó
loyal,hűséges
loyalty,hűség
lucas,Lucas
luck,szerencse
luckily,szerencsére
lucky,szerencsés
lucy,Lucy
luggage,poggyász
luke,lukács
lunch,ebéd
lung,tüdő
lungs,tüdő
lying,fekvő
mac,MAC
machine,gép
machines,gépek
mad,őrült
madam,Hölgyem
madame,asszonyom
made,készült
madness,őrültség
magazine,magazin
maggie,mágikus
magic,varázslat
magical,mágikus
magnificent,Káprázatos
maid,szobalány
mail,levél
main,fő-
maintain,fenntart
majesty,felség
major,Jelentősebb
make,készít
makes,készít
makeup,smink
making,készítés
malcolm,malcolm
male,férfi
mall,pláza
mama,mama
man,Férfi
manage,kezel
managed,kezelt
management,vezetés
manager,menedzser
mankind,emberiség
manner,mód
manners,modor
many,sok
map,térkép
march,március
marco,Marco
marcus,Marcus
margaret,margaret
maria,Maria
marie,Marie
marine,tengeri
mario,mario
mark,Mark
marked,megjelölt
market,piac
marks,jelek
marriage,házasság
married,házas
marry,feleségül vesz
marrying,házasság
mars,Mars
marshal,marsall
marshall,marshall
martha,Martha
martial,harcias
martin,Márton
marty,marty
mary,Mária
mask,maszk
mason,kőműves
mass,tömeg
massage,masszázs
massive,tömeges
master,fő-
masters,mesterek
match,mérkőzés
matches,mérkőzések
mate,társ
material,anyag
math,matematika
matt,matt
matter,ügy
matters,számít
matthew,Máté
max,maximum
may,lehet
maya,maya
maybe,talán
mayor,polgármester
meal,étkezés
mean,átlagos
meaning,értelem
means,eszközök
meant,jelentett
meantime,közben
meanwhile,közben
measure,intézkedés
meat,hús
medal,érem
media,média
medical,orvosi
medication,gyógyszer
medicine,gyógyszer
meet,találkozik
meeting,találkozó
meetings,találkozók
megan,Megan
mel,mel
melissa,méhfű
member,tag
members,tagok
memories,emlékek
memory,memória
men,férfiak
mental,szellemi
mention,említés
mentioned,említett
menu,menü
mercy,kegyelem
mere,puszta
merely,csupán
merry,vidám
mess,rendetlenség
message,üzenet
messages,üzenetek
messed,összezavarodott
messing,összezavar
met,találkozott
metal,fém
meters,méter
method,módszer
mexican,mexikói
mexico,Mexikó
mia,MIA
miami,Miami
michael,Michael
michelle,Michelle
mickey,Mickey
middle,középső
midnight,éjfél
might,esetleg
mighty,hatalmas
mike,mikrofon
mile,mérföld
miles,mérföld
military,katonai
milk,tej
miller,molnár
million,millió
millions,milliók
mind,ész
minds,elme
mine,enyém
minister,miniszter
minor,kiskorú
minute,perc
minutes,percek
miracle,csoda
mirror,tükör
miserable,nyomorult
misery,szenvedés
miss,hiányzik
missed,nem fogadott
missing,hiányzó
mission,küldetés
mistake,hiba
mistaken,téves
mistakes,hibák
mister,uram
mistress,úrnő
misunderstanding,félreértés
mitch,bukás
mitchell,Mitchell
mix,keverd össze
mixed,vegyes
mm-hm,MM-HM
mm-hmm,mm-hmm
mmm,mmm
mmm-hmm,mmm-hmm
moaning,nyögés
mob,csőcselék
mobile,Mobil
model,modell
models,modellek
modern,modern
molly,molly
mom,anya
moment,pillanat
moments,pillanatok
mommy,anyu
monday,hétfő
money,pénz
monica,monika
monitor,monitor
monk,szerzetes
monkey,majom
monsieur,úr
monster,szörnyeteg
monsters,szörnyek
month,hónap
months,hónapok
mood,hangulat
moon,hold
moral,erkölcsi
more,több
morgan,Morgan
morning,reggel
moron,idióta
moscow,Moszkva
most,a legtöbb
mostly,többnyire
motel,motel
mother,anya
motherfucker,anyavágó
mothers,anyák
motion,mozgás
motive,indíték
motor,motor
motorcycle,motorbicikli
mount,hegy
mountain,hegy
mountains,hegyek
mouse,egér
mouth,száj
move,mozog
moved,mozgatott
movement,mozgalom
moves,mozog
movie,film
movies,filmek
moving,mozgó
mr.,úr.
mrs,Asszony
mrs.,Asszony.
ms.,Kisasszony.
much,sokkal
mud,sár
muffled,tompított
multiple,többszörös
mum,mama
mummy,múmia
murder,gyilkosság
murdered,meggyilkolt
murderer,gyilkos
murders,gyilkosság
murphy,murfy
muscle,izom
museum,múzeum
music,zene
musical,zenei
must,kell
mustn,kötelező
myself,magamat
mysterious,rejtélyes
mystery,rejtély
nah,nem
nail,köröm
nails,köröm
naked,meztelen
name,név
named,nevezett
names,nevek
nancy,nancy
nanny,dajka
nap,szundikál
narrator,narrátor
narrow,keskeny
nasty,csúnya
natalie,Natalie
nate,nate
nathan,Nathan
nation,nemzet
national,nemzeti
native,anyanyelvi
natural,természetes
naturally,természetesen
nature,természet
naughty,rossz
navy,haditengerészet
near,közel
nearby,Közeli
nearly,közel
neat,tiszta
necessarily,szükségszerűen
necessary,szükséges
neck,nyak
necklace,nyaklánc
need,szükség
needed,szükséges
needle,tű
needs,igények
negative,negatív
neighbor,szomszéd
neighborhood,szomszédság
neighbors,szomszédok
neil,neil
neither,se
nelson,nelson
nephew,unokaöcs
nerve,ideg
nerves,idegek
nervous,ideges
nest,fészek
net,háló
network,hálózat
never,soha
new,új
news,hírek
newspaper,újság
newspapers,újságok
next,következő
nice,szép
nicely,szépen
nick,bukás
nicole,nicole
niece,unokahúg
nigga,nigga
night,éjszaka
nightmare,lidércnyomás
nights,éjszakai
nina,nina
nine,kilenc
no-one,senki
no.,nem.
noah,Noé
noble,nemes
nobody,senki
noise,zaj
none,egyik sem
nonsense,ostobaság
noon,dél
nope,dehogy
nor,sem
nora,Nora
normal,Normál
normally,normális esetben
norman,normann
north,északi
northern,északi
nose,orr
not,nem
note,jegyzet
notes,jegyzet
nothin,semmi
nothing,semmi
notice,értesítés
noticed,megjegyezte
novel,regény
november,november
now,Most
nowadays,Manapság
nowhere,most itt
nuclear,nukleáris
number,szám
numbers,szám
nurse,ápoló
nut,dió
nuts,diófélék
oath,eskü
obey,engedelmeskedik
object,tárgy
objection,ellenvetés
objects,tárgyak
observe,megfigyel
obsessed,megszállott
obvious,nyilvánvaló
obviously,magától értetődően
occasion,alkalom
occurred,megtörtént
ocean,óceán
october,október
odd,páratlan
odds,esély
off,ki
offense,bűncselekmény
offer,ajánlat
offered,felajánlott
offering,ajánlat
office,hivatal
officer,tiszt
officers,tisztviselők
official,hivatalos
officially,hivatalosan
often,gyakran
ohh,ohh
oil,olaj
okay,oké
old,régi
older,idősebb
oldest,legrégebbi
oliver,oliver
olivia,Olivia
once,egyszer
one,egy
ones,azok
online,online
only,csak
onto,-ra
ooh,ó
oops,lopog
open,nyisd ki
opened,nyitott
opening,Nyítás
opens,kinyit
opera,opera
operate,működtet
operating,üzemeltetési
operation,művelet
operations,tevékenységek
operator,operátor
opinion,vélemény
opportunity,lehetőség
opposite,szemben
option,választási lehetőség
options,lehetőségek
orange,narancs
order,rendelés
ordered,elrendelt
orders,megrendelés
ordinary,rendes
organization,szervezet
organized,szervezett
original,eredeti
oscar,OSCAR
other,Egyéb
others,mások
otherwise,másképp
ouch,Jaj
ought,kellene
our,a miénk
ours,a miénk
ourselves,minket
out,ki
outfit,felszerelés
outside,kívül
outta,kívül
oven,sütő
over,felett
overnight,éjszakai
owe,tartozik
owen,Owen
own,saját
owned,birtokolt
owner,tulajdonos
owns,tulajdonosa
oxygen,oxigén
p.m.,délután.
pacific,békés
pack,csomag
package,csomag
packed,csomagolt
packing,csomagolás
page,oldal
pages,oldalak
paid,fizetett
paige,pamid
pain,fájdalom
painful,fájdalmas
paint,festék
painted,festett
painting,festmény
paintings,festmény
pair,pár
pal,haver
palace,palota
pale,sápadt
palm,tenyér
pam,pam
pan,Pán
panic,pánik
panting,zihálás
pants,nadrág
papa,papa
paper,papír
papers,papírok
paperwork,papírmunka
parade,felvonulás
paradise,paradicsom
paranoid,paranoid
pardon,Bocsánat
parent,szülő
parents,szülők
paris,Párizs
park,park
parked,parkolt
parker,Parker
parking,parkolás
part,rész
particular,különös
particularly,különösen
parties,a felek
partner,partner
partners,partnerek
parts,alkatrészek
party,buli
pass,elhalad
passed,elhaladt
passengers,utasok
passes,átesik
passing,elhaladó
passion,szenvedély
passport,útlevél
past,múlt
pat,pácolás
patch,tapasz
path,pálya
pathetic,szánalmas
patience,türelem
patient,beteg
patients,betegek
patrick,Patrick
patrol,járőr
pattern,minta
paul,Pál
paula,Paula
pay,fizetés
paying,fizető
payment,fizetés
pays,fizet
peace,béke
peaceful,Békés
pearl,gyöngyszem
pee,pisil
peggy,peggy
pen,toll
penalty,büntetés
penis,hímvessző
penny,penny
people,emberek
pepper,bors
per,egy
percent,százalék
perfect,tökéletes
perfectly,tökéletesen
perform,fellép
performance,teljesítmény
perfume,parfüm
perhaps,talán
period,időszak
permanent,állandó
permission,engedély
permit,engedély
perry,körtebor
person,személy
personal,személyes
personality,személyiség
personally,Személyesen
personnel,személyzet
persons,személyek
perspective,perspektíva
pet,házi kedvenc
pete,pete
peter,Péter
petty,piti
phase,fázis
phil,phil
philip,philip
phone,telefon
phones,telefon
photo,fénykép
photograph,fénykép
photographer,fotós
photographs,fényképek
photos,fotó
physical,fizikai
physically,fizikailag
piano,zongora
pick,szed
picked,válogatott
picking,szedés
picture,kép
pictures,képek
pie,pite
piece,darab
pieces,darabok
pierce,átszúr
pierre,Pierre
pig,malac
pigs,sertés
pile,halom
pill,tabletta
pillow,párna
pills,tabletták
pilot,pilóta
pin,csap
pink,rózsaszín
pipe,cső
piss,pisi
pissed,részeg
pit,gödör
pitch,hangmagasság
pity,kár
pizza,pizza
place,hely
placed,elhelyezett
places,hely
plain,egyszerű
plan,terv
plane,repülőgép
planes,sík
planet,bolygó
planets,bolygók
planned,tervezett
planning,tervezés
plans,tervek
plant,növény
planted,beültetett
plants,növények
plastic,műanyag
plate,lemez
plates,tányérok
play,játék
played,lejátszott
player,játékos
players,játékosok
playing,játék
plays,színdarab
pleasant,kellemes
please,kérem
pleased,elégedett
pleasure,öröm
plenty,bőven
plot,cselekmény
plus,plusz
pocket,zseb
pockets,zsebek
poem,vers
poet,költő
poetry,költészet
point,pont
points,pont
poison,méreg
poisoned,megmérgezett
poker,póker
pole,pólus
police,rendőrség
policeman,rendőr
policy,irányelv
polish,fényesít
polite,udvarias
political,politikai
politics,politika
pool,medence
poor,szegény
pop,pop
pope,pápa
pops,pops
popular,népszerű
population,népesség
pork,sertéshús
porn,pornó
port,kikötő
pos,pozíció
position,pozíció
positions,helyzet
positive,pozitív
possession,birtoklás
possibility,lehetőség
possible,lehetséges
possibly,esetleg
post,oszlop
posted,közzétett
pot,edény
potato,burgonya
potatoes,krumpli
potential,lehetséges
pound,font
pounds,font
pour,öntés
powder,por
power,erő
powerful,erős
powers,hatalom
practical,gyakorlati
practically,gyakorlatilag
practice,gyakorlat
praise,dicséret
pray,imádkozik
prayer,ima
prayers,imák
praying,imádkozás
precious,értékes
precisely,pontosan
prefer,jobban szeret
pregnant,terhes
prepare,készít
prepared,előkészített
preparing,előkészítés
presence,jelenlét
present,ajándék
presents,ajándékok
president,elnök
press,nyomja meg
pressure,nyomás
pretend,színlel
pretending,színlelő
pretty,szép
prevent,megakadályoz
previous,előző
previously,korábban
price,ár
prick,pöcs
pride,büszkeség
priest,pap
primary,elsődleges
prime,elsődleges
prince,herceg
princess,hercegnő
principal,fő
print,nyomtatás
prints,nyomatok
priority,kiemelten fontos
prison,börtön
prisoner,Rab
prisoners,foglyok
privacy,magánélet
private,magán
prize,díj
pro,profi
probably,valószínűleg
problem,probléma
problems,problémák
procedure,eljárás
proceed,folytassa
process,folyamat
produce,termel
produced,előállított
producer,termelő
product,termék
production,Termelés
profession,szakma
professional,szakmai
professor,Egyetemi tanár
profile,profil
profit,nyereség
program,program
progress,előrehalad
project,projekt
prom,promóciós
promise,ígéret
promised,igért
promises,ígéretek
promotion,promóció
proof,bizonyíték
proper,megfelelő
properly,megfelelően
property,ingatlan
proposal,javaslat
propose,javasol
prosecutor,ügyész
protect,véd
protected,védett
protecting,védelem
protection,védelem
protest,tiltakozás
proud,büszke
prove,bizonyít
proved,bizonyított
provide,biztosítani
provided,biztosítani
psychic,lelki
psycho,pszicho
pub,kocsma
public,nyilvános
pull,Húzni
pulled,húzott
pulling,húzás
pulse,impulzus
pump,szivattyú
punch,puncs
punish,büntet
punished,büntetett
punishment,büntetés
punk,punk
puppy,kölyökkutya
pure,tiszta
purple,lila
purpose,célja
purse,pénztárca
push,nyom
pushed,meglökött
pushing,toló
pussy,punci
put,elhelyez
puts,elhelyez
putting,elhelyezés
quality,minőség
quarter,negyed
quarters,szállás
queen,királynő
question,kérdés
questioning,megkérdőjelezés
questions,kérdés
quick,gyors
quickly,gyorsan
quiet,csendes
quietly,csendesen
quinn,quinn
quit,Kilépés
quite,egészen
quote,idézet
rabbit,nyúl
race,verseny
rachel,Rachel
racing,verseny
radar,radar
radiation,sugárzás
radio,rádió
rage,düh
raid,rajtaütés
rain,eső
raining,esőzés
raise,emel
raised,emelt
raising,emelés
ralph,ralph
ram,kos
ran,futott
ranch,tanya
random,véletlen
randy,rázkós
range,hatótávolság
rangers,őrök
rap,rap
rape,erőszak
raped,megerőszakolt
rare,ritka
rat,patkány
rate,mérték
rather,Inkább
rats,patkányok
raw,nyers
ray,sugár
raymond,Raymond
reach,elér
reached,elért
react,reagál
reaction,reakció
read,olvas
reading,olvasás
ready,kész
real,igazi
realise,Rájön
realised,megvalósult
reality,valóság
realize,Rájön
realized,megvalósult
really,igazán
rear,hátulsó
reason,ok
reasonable,ésszerű
reasons,okok
rebecca,tündér
recall,visszahívás
receive,kap
received,beérkezett
recent,friss
recently,mostanában
reception,recepció
reckon,számol
recognise,elismerik
recognize,elismerik
recognized,elismert
recommend,javasol
record,rekord
recorded,rögzített
recording,felvétel
records,nyilvántartás
recover,visszaszerez
recovered,helyrehozott
recovery,felépülés
red,piros
refuse,megtagadja
refused,megtagadta
regarding,tekintettel
region,vidék
register,Regisztráció
registered,bejegyzett
regret,megbánás
regular,szabályos
rehearsal,próba
related,összefüggő
relations,kapcsolatok
relationship,kapcsolat
relationships,kapcsolatok
relative,relatív
relatives,rokonok
relax,ellazul
release,kiadás
released,elengedett
relief,megkönnyebbülés
relieved,megkönnyebbült
religion,vallás
religious,vallási
rely,támaszkodni
remain,marad
remaining,többi
remains,maradványok
remarkable,figyelemre méltó
remember,emlékezik
remembered,Emlékezett
remind,emlékeztet
reminds,emlékeztet
remote,távoli
remove,eltávolítás
removed,eltávolított
rent,bérlés
repair,javítás
repeat,ismétlés
replace,cserél
replaced,cserélt
report,jelentés
reported,jelentett
reporter,riporter
reporting,jelentés
reports,jelentések
represent,képvisel
republic,köztársaság
reputation,hírnév
request,kérés
requested,kért
require,megkövetel
required,kívánt
requires,igényel
rescue,mentés
research,kutatás
resist,ellenáll
resistance,ellenállás
resources,erőforrások
respect,tisztelet
respond,reagál
response,válasz
responsibility,felelősség
responsible,felelős
rest,pihenés
restaurant,étterem
result,eredmény
results,eredmények
retired,nyugdíjas
retreat,visszavonulás
return,Visszatérés
returned,visszatért
returning,visszatérő
returns,visszatér
reveal,felfed
revealed,kinyilatkoztatott
revenge,bosszú
reverend,tisztelendő
reverse,fordított
review,felülvizsgálat
revolution,forradalom
reward,jutalom
rex,újság
rhythm,ritmus
rice,rizs
rich,gazdag
richard,Richard
rick,rick
ricky,ricky
rid,megszabadít
ride,lovagol
ridiculous,nevetséges
riding,lovaglás
rifle,puska
right,jobb
rights,jogok
riley,riley
ring,gyűrű
ringing,csengés
rings,gyűrű
rip,Nyugodj békében
ripped,szakadt
rise,emelkedik
rising,emelkedő
risk,kockázat
risks,kockázatok
risky,kockázatos
rita,rita
river,folyó
road,út
roads,utak
roaring,ordítozó
rob,rabol
robbed,kirabolták
robbery,rablás
robert,Robert
robin,vörösbegy
robot,robot
rock,szikla
rocket,rakéta
rocks,sziklák
rocky,sziklás
roger,Roger
role,szerep
roll,tekercs
rolling,gördülő
roman,római
romance,románc
romantic,romantikus
rome,Róma
romeo,Rómeó
ron,ron
ronnie,Ronnie
roof,tető
room,szoba
roommate,szobatárs
rooms,szobák
root,gyökér
rope,kötél
rosa,rosa
rose,rózsa
roses,rózsa
rosie,Rosie
ross,Ross
rotten,rothadt
rough,durva
round,kerek
rounds,kerek
route,útvonal
routine,rutin
row,sor
roy,roy
royal,királyi
rub,dörzsölés
rubber,radír
rubbish,szemét
ruby,rubin
rude,durva
ruin,ROM
ruined,romos
rule,szabály
rules,szabályok
rumbling,dörgés
rumor,szóbeszéd
rumors,pletykák
run,fuss
running,futás
runs,futás
rush,rohanás
russell,Russell
russia,Oroszország
russian,orosz
russians,oroszok
rusty,rozsdás
ruth,Ruth
ryan,Ryan
sack,zsák
sacred,szent
sacrifice,áldozat
sad,szomorú
safe,biztonságos
safely,biztonságosan
safer,biztonságosabb
safety,biztonság
said,mondott
sail,vitorla
saint,szent
sake,kedvéért
salad,saláta
salary,fizetés
sale,eladás
sales,értékesítés
salt,só
sally,kirohanás
sam,SAM
samantha,Samantha
same,azonos
sammy,Sammy
sample,minta
samples,minták
san,SAN
sand,homok
sandra,Sandra
sandwich,szendvics
sandy,homokos
sang,énekelt
santa,Télapó
sara,Sara
sarah,Sára
sarge,szarge
sat,ült
satan,Sátán
satellite,műhold
satisfied,elégedett
saturday,szombat
sauce,szósz
save,megment
saved,mentett
saving,megtakarítás
saw,fűrész
say,mond
saying,mondás
says,mond
scale,skála
scan,letapogatás
scandal,botrány
scar,sebhely
scare,megijeszt
scared,megrémült
scary,ijedős
scene,színhely
scenes,jelenetek
schedule,menetrend
school,iskola
schools,iskolák
science,tudomány
scientific,tudományos
scientist,tudós
scientists,tudósok
scoffs,gúnyol
score,pontszám
scotch,skót
scotland,Skócia
scott,Scott
scout,cserkész
scratch,karcolás
scream,sikoly
screaming,sikoltozás
screams,sikít
screeching,sikoltozás
screen,képernyő
screw,csavar
screwed,csavart
script,forgatókönyv
scum,hab
sea,tenger
seal,fóka
sealed,zárt
sean,Sean
search,keresés
searched,átkutatott
searching,keresés
season,évad
seat,ülés
seats,ülések
sebastian,sebastianus
sec,SEC
second,második
seconds,másodpercek
secret,titok
secretary,titkár
secrets,titkok
section,szakasz
secure,biztonságos
security,Biztonság
see,lát
seeing,látás
seek,keres
seem,látszik
seemed,úgy tűnt
seems,úgy tűnik
seen,látott
sees,lát
self,maga
selfish,önző
sell,elad
selling,eladási
senator,szenátor
send,Küld
sending,küldés
sends,küld
senior,idősebb
sense,érzék
senses,érzékek
sensitive,érzékeny
sent,küldött
sentence,mondat
separate,különálló
separated,elválasztott
september,szeptember
sergeant,őrmester
serial,sorozatszám
series,sorozat
serious,komoly
seriously,Komolyan
servant,szolgáló
servants,szolgák
serve,szolgál
served,kiszolgált
service,szolgáltatás
services,szolgáltatás
serving,szolgáló
session,ülés
set,készlet
seth,seth
sets,készletek
setting,beállítás
settle,letelepedés
settled,rendezett
seven,hét
several,számos
severe,szigorú
sex,szex
sexual,szexuális
sexy,szexis
shadow,árnyék
shadows,árnyék
shake,ráz
shaking,rázás
shall,fog
shame,szégyen
shane,Shane
shape,alak
share,Ossza meg
shared,megosztott
sharing,megosztás
shark,cápa
sharp,éles
shave,borotválkozás
shawn,shawn
she,ő
shed,fészer
sheep,juh
sheet,lemez
sheets,ágynemű
shell,héj
shelter,menedék
sheriff,seriff
shh,SHH
shield,pajzs
shift,váltás
shine,ragyog
shining,csillogó
ship,hajó
ships,hajók
shirt,ing
shit,szar
shitty,szar
shock,sokk
shocked,döbbent
shoe,cipő
shoes,cipő
shoot,lő
shooter,vadász
shooting,lövés
shop,üzlet
shopping,bevásárlás
shore,part
short,rövid
shortly,hamarosan
shot,lövés
shots,felvételek
should,kellene
shoulder,váll
shoulders,vállak
shouldn,nem szabad
shout,kiáltás
shouting,kiabálás
shouts,kiáltás
shove,lök
show,előadás
showed,megmutatott
shower,zuhany
showing,bemutatás
shown,Látható
shows,műsorok
shut,bezár
shy,félénk
sick,beteg
sid,side
side,oldal
sides,oldal
sighing,sóhajt
sighs,sóhajt
sight,látás
sign,jel
signal,jel
signature,aláírás
signed,aláírt
significant,jelentős
signing,aláírás
signs,jelek
silence,csend
silent,csendes
silk,selyem
silver,ezüst
silly,bolondos
similar,hasonló
simon,Simon
simple,egyszerű
simply,egyszerűen
sin,bűn
since,mivel
sing,énekel
singer,énekes
singh,singh
singing,éneklés
single,egyetlen
sings,énekel
sink,mosogató
sins,bűnök
sir,uram
sire,apa
siren,sziréna
sirens,szirénák
sis,sis
sister,nővér
sisters,nővérek
sit,ül
site,webhely
sits,ül
sitting,ülés
situation,helyzet
six,hat
sixth,hatodik
size,méret
skill,készség
skills,készség
skin,bőr
skinny,sovány
skip,kihagyás
skirt,szoknya
skull,koponya
sky,ég
slap,pofon
slave,rabszolga
slaves,rabszolgák
sleep,alvás
sleeping,alvás
slept,aludt
slide,csúszik
slight,enyhe
slightly,némileg
slip,csúszás
slipped,csúszott
slow,lassú
slowly,lassan
slut,kurva
small,kicsi
smaller,kisebb
smart,Okos
smarter,okosabb
smash,összetör
smell,szag
smells,szagok
smile,mosoly
smiling,mosolygás
smith,Kovács
smoke,füst
smoking,dohányzó
smooth,sima
snake,kígyó
snap,bepattan
sneak,settenkedik
snow,hó
soap,szappan
sobbing,zokogás
sober,józan
soccer,futball
social,szociális
society,társadalom
socks,zokni
soda,szóda
soft,puha
softly,halkan
soil,talaj
solar,nap
sold,eladott
soldier,katona
soldiers,katonák
solid,szilárd
solo,szóló
solution,megoldás
solve,megold
solved,megoldott
some,néhány
somebody,valaki
someday,majd egyszer
somehow,valahogy
someone,valaki
someplace,valahol
somethin,valami
something,valami
sometime,majd valamikor
sometimes,néha
somewhere,valahol
son,fiú
song,dal
songs,dalok
sonic,szonikus
sons,fiai
sonny,fiacskám
soon,hamar
sooner,hamarabb
sophie,Sophie
sore,fájó
sorrow,bánat
sorry,sajnálom
sort,fajta
sorts,válogatás
soul,lélek
souls,lelkek
sound,hang
sounded,hangzott
sounds,hangok
soup,leves
source,forrás
south,déli
southern,déli
soviet,szovjet
space,hely
spain,Spanyolország
spanish,spanyol
spare,tartalék
speak,beszél
speaker,hangszóró
speaking,beszélő
speaks,beszél
special,különleges
species,faj
specific,különleges
specifically,kimondottan
speech,beszéd
speed,sebesség
spell,varázslat
spencer,csésze
spend,tölt
spending,kiadások
spent,költött
spider,pók
spike,tüske
spin,centrifugálás
spirit,szellem
spirits,szellemek
spiritual,lelki
spit,nyárs
splendid,pompás
split,hasított
spoil,zsákmány
spoke,beszéltem
spoken,beszélt
sport,Sport
sports,sport
spot,folt
spots,helyek
spotted,észlelve
spread,terjedés
spring,tavaszi
spy,kém
squad,osztag
square,négyzet
squeeze,présel
st.,utca.
stab,szúrás
stabbed,szúrt
stable,stabil
staff,személyzet
stage,színpad
stairs,lépcsők
stake,tét
stan,stan
stand,állvány
standard,alapértelmezett
standing,álló
stands,állvány
stanley,Stanley
star,csillag
stare,bámul
staring,bámulás
stars,csillagok
start,Rajt
started,elindult
starting,indulás
starts,elindul
starving,éhező
state,állapot
statement,nyilatkozat
states,Államok
station,állomás
stations,állomások
statue,szobor
status,állapot
stay,marad
stayed,maradt
staying,tartózkodás
stays,marad
steady,állandó
steak,steak
steal,lop
stealing,lopás
steam,gőz
steel,acél
step,lépés
stephen,István
stepped,lépett
steps,lépések
steve,Steve
steven,István
stick,rúd
sticking,ragasztás
sticks,botok
still,még mindig
stink,bűz
stinks,büdös
stock,Készlet
stole,stóla
stolen,lopott
stomach,gyomor
stone,kő
stones,kövek
stood,állt
stop,állj meg
stopped,leállt
stopping,megálló
stops,megállít
storage,tárolás
store,bolt
stories,történetek
storm,vihar
story,sztori
straight,egyenes
strange,furcsa
stranger,idegen
strangers,idegenek
strategy,stratégia
street,utca
streets,utcák
strength,erő
stress,feszültség
stretch,nyújtás
strike,sztrájk
strikes,sztrájk
string,húr
strip,szalag
stroke,ütés
strong,erős
stronger,erősebb
struck,ütött
structure,szerkezet
struggle,küzdelem
struggling,küzdelem
stuart,stuart
stubborn,makacs
stuck,megragadt
student,diák
students,diákok
studied,tanult
studies,tanulmányok
studio,stúdió
study,tanulmány
studying,tanul
stuff,dolog
stuffed,töltött
stupid,hülye
style,stílus
subject,tantárgy
subtitles,felirat
succeed,sikerül
success,siker
successful,sikeres
such,ilyen
suck,szív
sucker,szívó
sucks,szar
sudden,hirtelen
suddenly,hirtelen
sue,perel
suffer,szenvedni
suffered,szenvedett
suffering,szenvedő
sugar,cukor
suggest,javaslat
suggested,javasolt
suggesting,javaslat
suicide,öngyilkosság
suit,öltöny
suitcase,bőrönd
suite,lakosztály
suits,ruhák
sum,összeg
summer,nyár
sun,nap
sunday,vasárnap
sunshine,napfény
sunny,napos
super,szuper
superior,kiváló
superman,felsőbbrendű ember
supper,vacsora
supplies,készletek
supply,kínálat
support,támogatás
suppose,tegyük fel
supposed,feltételezett
supreme,legfőbb
sure,biztos
surely,biztosan
surface,felület
surgeon,sebész
surgery,sebészet
surprise,meglepetés
surprised,meglepődött
surprises,meglepetés
surprising,meglepő
surrender,megadás
surrounded,körülvett
surveillance,felügyelet
survival,túlélés
survive,túlél
survived,túlélt
susan,Susan
suspect,gyanúsított
suspected,feltételezett
suspects,gyanúsítottak
suspended,felfüggesztett
suspicious,gyanús
swallow,Nyel
swear,esküszik
sweat,izzad
sweep,söprés
sweet,édes
sweetheart,Édesem
sweetie,édesem
swell,dagad
swim,úszás
swimming,úszás
swing,hinta
switch,kapcsoló
sword,kard
sydney,Sydney
symbol,szimbólum
symptoms,tünetek
sync,szinkronizál
system,rendszer
systems,rendszer
table,asztal
tables,asztalok
tag,címke
tail,farok
take,vesz
taken,vett
takes,felvétel
taking,bevétel
tale,mese
talent,tehetség
talented,tehetséges
talk,beszélgetés
talked,beszélt
talkin,beszélő
talking,beszél
talks,tárgyalások
tall,magas
tank,tartály
tap,Koppintson a
tape,szalag
tapes,szalagok
tara,Tara
target,cél
task,feladat
taste,íz
tastes,ízlés
tattoo,tetoválás
taught,tanított
tax,adó
taxes,adók
taxi,Taxi
taylor,Taylor
tea,tea
teach,tanít
teacher,tanár
teachers,tanárok
teaching,tanítás
team,csapat
teams,csapatok
tear,könny
tears,könnyek
tech,műszaki
technically,technikailag
technique,technika
technology,technológia
ted,ted
teddy,mackó
teenage,tizenéves
teeth,fogak
telephone,telefon
television,televízió
tell,Mondd
telling,sokatmondó
tells,elmondja
temper,kedély
temperature,hőfok
temple,templom
temporary,ideiglenes
ten,tíz
tend,hajlamos
tender,pályázati kiírás
tennis,tenisz
tense,feszült
tension,feszültség
tent,sátor
term,kifejezés
terms,kifejezés
terrible,szörnyű
terribly,szörnyen
terrific,félelmetes
terrified,rémült
territory,terület
terror,terror
terrorist,terrorista
terrorists,terroristák
terry,tompa
test,teszt
tested,tesztelt
testify,tanúsít
testimony,bizonyság
testing,tesztelés
tests,tesztek
texas,Texas
text,szöveg
than,mint
thank,köszönet
thanks,Kösz
thanksgiving,hálaadás
that,hogy
the,a
theater,színház
theatre,színház
thee,téged
theft,lopás
their,az övék
them,őket
theme,téma
themselves,maguk
then,akkor
theory,elmélet
therapy,terápia
there,ott
therefore,ebből adódóan
these,ezek
they,ők
thick,vastag
thief,tolvaj
thieves,tolvajok
thin,vékony
thing,dolog
things,dolgok
think,gondol
thinking,gondolkodás
thinks,azt hiszi
third,harmadik
thirsty,szomjas
thirty,harminc
this,ez
thomas,Tamás
those,azok
thou,te
though,bár
thought,gondolat
thoughts,gondolatok
thousand,ezer
thousands,ezrek
threat,fenyegetés
threaten,fenyeget
threatened,fenyegető
threatening,fenyegető
threats,fenyegetés
three,három
threw,dobta
throat,torok
throne,trón
through,keresztül
throughout,egész
throw,dobás
throwing,dobás
thrown,dobott
thunder,mennydörgés
thursday,csütörtök
thus,és így
thy,tiéd
ticket,jegy
tickets,jegyek
tie,nyakkendő
tied,bekötött
ties,kötés
tiger,tigris
tight,szoros
till,amíg
tim,Tim
time,idő
times,idő
timing,időzítés
tin,ón
tina,tina
tiny,apró
tip,tipp
tire,gumi
tired,fáradt
tires,gumiabroncsok
tissue,szövet
title,cím
tits,mell
toast,pirítós
toby,Toby
today,Ma
todd,todd
toes,lábujjak
together,együtt
toilet,WC
tokyo,Tokió
told,mondta
tom,Tom
tommy,Tommy
tomorrow,holnap
ton,tonna
tone,hangzás
tongue,nyelv
tonight,ma este
tons,tonna
tony,Tony
too,is
took,vett
tool,eszköz
tools,szerszámok
tooth,fog
top,felső
torn,szakadt
torture,kínzás
toss,dobás
total,teljes
totally,teljesen
touch,érintés
touched,érintett
touching,megható
tough,kemény
tour,túra
toward,felé
towards,felé
towel,törülköző
tower,torony
town,város
toy,játék
toys,játékok
trace,nyom
track,nyomon követni
tracking,követés
tracks,pályák
tracy,tracy
trade,kereskedelmi
tradition,hagyomány
traditional,hagyományos
traffic,forgalom
tragedy,tragédia
tragic,tragikus
trail,nyom
trailer,filmelőzetes
train,vonat
trained,kiképzett
training,kiképzés
traitor,áruló
transfer,átruházás
transferred,átadott
transport,szállítás
trap,csapda
trapped,csapdába esett
trash,szemét
trauma,sérülés
travel,utazás
traveling,utazó
travis,travis
treasure,kincs
treat,csemege
treated,kezelt
treating,kezelés
treatment,kezelés
tree,fa
trees,fák
trevor,Trevor
trial,próba
tribe,törzs
trick,trükk
tricks,trükkök
tried,megpróbálta
tries,megpróbál
trigger,indítvány
trip,utazás
troops,csapatok
trouble,baj
troubles,baj
troy,Trója
truck,kamion
true,igaz
truly,valóban
trunk,törzs
trust,bizalom
trusted,megbízható
truth,igazság
try,próbáld ki
trying,megpróbálja
tub,kád
tube,cső
tuesday,kedd
tune,dallam
tunnel,alagút
turkey,pulyka
turn,fordulat
turned,fordult
turner,esztergályos
turning,fordulás
turns,fordul
turtle,teknősbéka
twelve,tizenkét
twenty,húsz
twice,kétszer
twin,iker
twins,Ikrek
twist,csavar
twisted,csavart
two,kettő
tyler,Tyler
type,típus
types,típus
typical,tipikus
u.s.,minket.
ugh,ugr
ugly,csúnya
uh-,uh-
uh-huh,UH Huh
uh-oh,UH Oh
uh-uh,uh-uh
uhh,uhh
ultimate,végső
unable,képtelen
unbelievable,hihetetlen
uncle,nagybácsi
uncomfortable,kényelmetlen
unconscious,öntudatlan
under,alatt
undercover,titkos
underground,föld alatt
underneath,alul
understand,megért
understanding,megértés
understands,megérti
understood,megértett
underwear,alsónemű
unexpected,váratlan
unfair,tisztességtelen
unfortunate,szerencsétlen
unfortunately,sajnálatos módon
unhappy,boldogtalan
uniform,egyenruha
union,unió
unique,egyedi
unit,Mértékegység
united,egyesült
units,egységek
universe,világegyetem
university,egyetemi
unknown,ismeretlen
unless,hacsak
unlike,nem úgy mint
until,amíg
unusual,szokatlan
upon,esetén
upper,felső
upset,szomorú
upside,felfelé forduló
upstairs,emeleten
urgent,sürgős
use,használat
used,használt
useful,hasznos
useless,hiábavaló
uses,felhasználás
using,felhasználás
usual,szokásos
usually,általában
vacation,vakáció
valentine,szerető
valley,völgy
valuable,értékes
value,érték
vampire,vámpír
van,kisteherautó
vanessa,Vanessa
various,különféle
vast,hatalmas
vault,boltozat
vegas,Vegas
vehicle,jármű
version,változat
very,nagyon
vessel,hajó
vic,VIC
vice,helyettes
victim,áldozat
victims,áldozatok
victor,győztes
victoria,Victoria
victory,győzelem
video,videó
vietnam,Vietnam
view,Kilátás
villa,villa
village,falu
vince,Vince
vincent,Vincent
violence,erőszak
violent,erőszakos
virgin,szűz
virginia,Virginia
virus,vírus
vision,látomás
visit,látogatás
visited,meglátogatott
visiting,látogató
visitor,látogató
visitors,látogatók
visual,vizuális
vital,létfontosságú
vodka,vodka
voice,hang
voices,hang
volunteer,önkéntes
von,von
vote,szavazás
voted,szavazott
votes,szavazás
vulnerable,sebezhető
wade,átgázol
wagon,vasúti kocsi
wailing,siránkozás
wait,várjon
waited,várt
waiter,pincér
waiting,várakozás
wake,ébred
walk,séta
walked,sétált
walker,járóka
walking,séta
walks,séta
wall,fal
wallet,pénztárca
walls,falak
walt,sóvárog
walter,Walter
wanna,akarok
want,akar
wanted,vágyó
wanting,vágyó
wants,akar
war,háború
ward,gyülekezet
warehouse,raktár
warm,meleg
warn,figyelmeztet
warned,figyelmeztetett
warning,Figyelem
warrant,garantál
warren,háborút
warrior,harcos
wars,háborúk
was,volt
wash,mosás
washed,mosott
washing,mosás
washington,Washington
wasn,volt
waste,Pazarlás
wasted,elpazarolt
wasting,pazarlás
watch,néz
watched,figyelt
watching,nézni
water,víz
waters,vizek
watson,Watson
wave,hullám
waves,hullámok
way,út
wayne,Wayne
ways,módokon
weak,gyenge
weakness,gyengeség
wealth,jólét
weapon,fegyver
weapons,fegyverek
wear,viselet
wearing,fárasztó
wears,visel
weather,időjárás
web,háló
wedding,esküvő
wednesday,szerda
wee,pici
weed,gyom
week,hét
weekend,hétvége
weeks,hetek
weight,súly
weird,furcsa
welcome,Üdvözöljük
well,jól
wendy,wendy
went,elment
were,voltak
weren,gyötrő
west,nyugat
western,nyugati
wet,nedves
wha,WHA
whale,bálna
what,mit
whatever,tök mindegy
wheel,kerék
wheels,kerekek
when,amikor
whenever,bármikor
where,ahol
wherever,bárhol
whether,hogy
which,melyik
while,míg
whimpering,nyüzsgő
whip,ostor
whirring,zümmögés
whiskey,whisky
whispering,suttogó
whispers,suttog
whistle,síp
whistles,síp
whistling,fütyülő
white,fehér
who,WHO
whoa,ki
whoever,bárki
whole,egész
whom,kit
whoo,whoo
whore,kurva
whose,akinek
why,miért
wicked,gonosz
wide,széles
widow,özvegy
wife,feleség
wild,vad
will,akarat
william,Vilmos
williams,Williams
willie,Willie
willing,hajlandó
wilson,Wilson
win,győzelem
wind,szél
window,ablak
windows,ablakok
wine,bor
wing,szárny
wings,szárnyak
winner,győztes
winning,nyerő
wins,győzelem
winter,téli
wipe,törlés
wiped,megsemmisített
wire,huzal
wisdom,bölcsesség
wise,bölcs
wish,szeretnék
wished,vágyott
wishes,kívánságok
witch,boszorkány
with,val vel
within,belül
without,nélkül
witness,tanú
witnesses,tanúk
wives,feleségek
woke,felébredt
wolf,farkas
wolves,farkasok
woman,nő
women,nők
won,nyerte
wonder,csoda
wondered,csodálkozott
wonderful,csodálatos
wondering,csodálkozó
woo,udvarol
wood,faipari
woods,fák
word,szó
words,szavak
wore,viselt
work,munka
worked,dolgozott
worker,munkás
workers,munkavállalók
working,dolgozó
works,művek
world,világ
worlds,világok
worn,kopott
worried,aggódó
worries,aggasztás
worry,aggodalom
worrying,aggasztó
worse,rosszabb
worst,legrosszabb
worth,érdemes
worthless,értéktelen
worthy,méltó
would,lenne
wouldn,nem tenné
wound,seb
wounded,sebesült
wounds,sebek
wow,Azta
wrap,betakar
wrapped,csomagolt
wreck,roncs
write,ír
writer,író
writing,írás
written,írott
wrong,rossz
wrote,írt
yang,yang
yard,udvar
yards,udvar
yay,Hurrá
yeah,igen
year,év
years,évek
yell,ordít
yelling,kiabálás
yellow,sárga
yells,kiabál
yen,jen
yep,Igen
yes,Igen
yesterday,tegnap
yet,még
york,York
you,te
you-,te-
young,fiatal
younger,fiatalabb
your,a te
yours,a tiéd
yourself,saját magad
yourselves,magatok
youth,ifjúság
yup,Aha
zero,nulla
zoe,zoe
zone,zóna
zoo,állatkert